{
    "metrics": {
        "data_received": {
            "count": 60821,
            "rate": 1872.477297660433
        },
        "http_req_connecting": {
            "avg": 2.307873567398119,
            "min": 0,
            "med": 0,
            "max": 35.873042,
            "p(90)": 0,
            "p(95)": 24.6059128
        },
        "http_req_sending": {
            "min": 0.00425,
            "med": 0.034291,
            "max": 0.771583,
            "p(90)": 0.05021600000000001,
            "p(95)": 0.0649083,
            "avg": 0.03789094984326021
        },
        "http_req_receiving": {
            "p(95)": 4.591362199999997,
            "avg": 0.8422990877742941,
            "min": 0.057166,
            "med": 0.431792,
            "max": 10.489084,
            "p(90)": 1.5373412000000017
        },
        "http_req_blocked": {
            "avg": 2.3232844357366793,
            "min": 0.001375,
            "med": 0.012958,
            "max": 35.908583,
            "p(90)": 0.030541600000000082,
            "p(95)": 24.6430744
        },
        "http_req_duration{expected_response:true}": {
            "p(90)": 2524.7722018,
            "p(95)": 2536.0598385,
            "avg": 2345.8963540250793,
            "min": 225.555959,
            "med": 2415.120751,
            "max": 2647.005126
        },
        "http_req_failed": {
            "passes": 0,
            "fails": 319,
            "thresholds": {
                "rate<0.01": false
            },
            "value": 0
        },
        "iteration_duration": {
            "avg": 2450.802527119121,
            "min": 349.246625,
            "med": 2517.182085,
            "max": 2789.105085,
            "p(90)": 2626.2542009999997,
            "p(95)": 2641.7620638999997
        },
        "iterations": {
            "count": 319,
            "rate": 9.820954242016377
        },
        "vus": {
            "value": 5,
            "min": 5,
            "max": 25
        },
        "checks": {
            "passes": 319,
            "fails": 0,
            "value": 1
        },
        "http_req_tls_handshaking": {
            "avg": 0,
            "min": 0,
            "med": 0,
            "max": 0,
            "p(90)": 0,
            "p(95)": 0
        },
        "http_req_waiting": {
            "p(90)": 2522.4200266000003,
            "p(95)": 2535.5487513,
            "avg": 2345.016163987464,
            "min": 223.1335,
            "med": 2414.253334,
            "max": 2646.156918
        },
        "data_sent": {
            "rate": 854.4230190554249,
            "count": 27753
        },
        "vus_max": {
            "value": 25,
            "min": 25,
            "max": 25
        },
        "http_reqs": {
            "count": 319,
            "rate": 9.820954242016377
        },
        "http_req_duration": {
            "p(95)": 2536.0598385,
            "avg": 2345.8963540250793,
            "min": 225.555959,
            "med": 2415.120751,
            "max": 2647.005126,
            "p(90)": 2524.7722018,
            "thresholds": {
                "p(95)<1500": true
            }
        }
    },
    "root_group": {
        "name": "",
        "path": "",
        "id": "d41d8cd98f00b204e9800998ecf8427e",
        "groups": {},
        "checks": {
                "status 200": {
                    "id": "fad9fa412b86fcb03bee97c80dcd61f1",
                    "passes": 319,
                    "fails": 0,
                    "name": "status 200",
                    "path": "::status 200"
                }
            }
    }
}