{
    "metrics": {
        "iteration_duration": {
            "avg": 16643.24389234821,
            "min": 9739.009296,
            "med": 15520.1318195,
            "max": 32785.578348,
            "p(90)": 23877.090649100002,
            "p(95)": 27181.46605835
        },
        "http_req_duration": {
            "avg": 16538.443186312496,
            "min": 9637.900032,
            "med": 15418.833138499998,
            "max": 32683.135751,
            "p(90)": 23774.667559500005,
            "p(95)": 27078.52914205,
            "thresholds": {
                "p(95)<5000": true
            }
        },
        "http_req_connecting": {
            "p(90)": 0,
            "p(95)": 29.2750939,
            "avg": 2.6601034285714285,
            "min": 0,
            "med": 0,
            "max": 31.627833
        },
        "http_req_waiting": {
            "avg": 102.36950337500001,
            "min": 27.160416,
            "med": 83.8961875,
            "max": 649.801876,
            "p(90)": 135.1422417,
            "p(95)": 173.59973735
        },
        "http_req_blocked": {
            "max": 31.652125,
            "p(90)": 0.23814620000000034,
            "p(95)": 29.29789825,
            "avg": 2.690989616071428,
            "min": 0.003458,
            "med": 0.014958
        },
        "http_req_receiving": {
            "p(95)": 26985.0509233,
            "avg": 16436.007042696427,
            "min": 9553.393573,
            "med": 15329.2054095,
            "max": 32587.99371,
            "p(90)": 23696.268642500003
        },
        "checks": {
            "passes": 112,
            "fails": 0,
            "value": 1
        },
        "http_reqs": {
            "count": 112,
            "rate": 0.5918103244885863
        },
        "data_received": {
            "count": 587215888,
            "rate": 3102860.939483334
        },
        "vus": {
            "value": 2,
            "min": 2,
            "max": 10
        },
        "http_req_tls_handshaking": {
            "avg": 0,
            "min": 0,
            "med": 0,
            "max": 0,
            "p(90)": 0,
            "p(95)": 0
        },
        "vus_max": {
            "value": 10,
            "min": 10,
            "max": 10
        },
        "http_req_duration{expected_response:true}": {
            "avg": 16538.443186312496,
            "min": 9637.900032,
            "med": 15418.833138499998,
            "max": 32683.135751,
            "p(90)": 23774.667559500005,
            "p(95)": 27078.52914205
        },
        "data_sent": {
            "count": 14672,
            "rate": 77.5271525080048
        },
        "http_req_sending": {
            "p(95)": 0.1047837,
            "avg": 0.06664024107142856,
            "min": 0.010167,
            "med": 0.0421875,
            "max": 1.831584,
            "p(90)": 0.09021640000000002
        },
        "iterations": {
            "count": 112,
            "rate": 0.5918103244885863
        },
        "http_req_failed": {
            "passes": 0,
            "fails": 112,
            "thresholds": {
                "rate<0.01": false
            },
            "value": 0
        }
    },
    "root_group": {
        "name": "",
        "path": "",
        "id": "d41d8cd98f00b204e9800998ecf8427e",
        "groups": {},
        "checks": {
                "status is 200": {
                    "name": "status is 200",
                    "path": "::status is 200",
                    "id": "6210a8cd14cd70477eba5c5e4cb3fb5f",
                    "passes": 112,
                    "fails": 0
                }
            }
    }
}