{
    "root_group": {
        "name": "",
        "path": "",
        "id": "d41d8cd98f00b204e9800998ecf8427e",
        "groups": {},
        "checks": {
                "status is 200": {
                    "fails": 0,
                    "name": "status is 200",
                    "path": "::status is 200",
                    "id": "6210a8cd14cd70477eba5c5e4cb3fb5f",
                    "passes": 65
                }
            }
    },
    "metrics": {
        "http_req_failed": {
            "passes": 0,
            "fails": 65,
            "thresholds": {
                "rate<0.01": false
            },
            "value": 0
        },
        "checks": {
            "passes": 65,
            "fails": 0,
            "value": 1
        },
        "iteration_duration": {
            "avg": 28624.5044731077,
            "min": 13893.505422,
            "med": 27214.476429,
            "max": 58215.139776,
            "p(90)": 38415.82154240001,
            "p(95)": 40790.737551599996
        },
        "http_req_receiving": {
            "avg": 0.9594833538461537,
            "min": 0.109375,
            "med": 0.271959,
            "max": 5.82475,
            "p(90)": 2.9321754000000007,
            "p(95)": 5.542341199999999
        },
        "http_req_waiting": {
            "avg": 12467.89061364615,
            "min": 2746.11421,
            "med": 12472.302408,
            "max": 28588.232499,
            "p(90)": 16185.428777200003,
            "p(95)": 17475.633309999997
        },
        "http_req_duration": {
            "p(90)": 38299.533586800004,
            "p(95)": 40677.6215994,
            "avg": 28497.951677723075,
            "min": 13776.614243,
            "med": 27103.520374,
            "max": 57986.325583,
            "thresholds": {
                "p(95)<5000": true
            }
        },
        "vus_max": {
            "value": 10,
            "min": 10,
            "max": 10
        },
        "data_received": {
            "count": 9945,
            "rate": 51.97270959706177
        },
        "vus": {
            "value": 1,
            "min": 1,
            "max": 10
        },
        "http_req_connecting": {
            "p(90)": 68.8669582,
            "p(95)": 94.0976254,
            "avg": 13.054585923076925,
            "min": 0,
            "med": 0,
            "max": 107.89075
        },
        "data_sent": {
            "count": 681584215,
            "rate": 3561968.674925723
        },
        "http_req_sending": {
            "avg": 16029.101580723078,
            "min": 7845.538712,
            "med": 15182.539952,
            "max": 29392.272125,
            "p(90)": 23077.3308274,
            "p(95)": 25713.7520476
        },
        "http_req_blocked": {
            "min": 0.003375,
            "med": 0.017084,
            "max": 107.917209,
            "p(90)": 69.3863832,
            "p(95)": 95.3864586,
            "avg": 13.333528215384616
        },
        "iterations": {
            "rate": 0.33969091239909655,
            "count": 65
        },
        "http_req_duration{expected_response:true}": {
            "med": 27103.520374,
            "max": 57986.325583,
            "p(90)": 38299.533586800004,
            "p(95)": 40677.6215994,
            "avg": 28497.951677723075,
            "min": 13776.614243
        },
        "http_req_tls_handshaking": {
            "med": 0,
            "max": 0,
            "p(90)": 0,
            "p(95)": 0,
            "avg": 0,
            "min": 0
        },
        "http_reqs": {
            "count": 65,
            "rate": 0.33969091239909655
        }
    }
}