{
    "metrics": {
        "http_reqs": {
            "rate": 9.769420338000234,
            "count": 317
        },
        "http_req_tls_handshaking": {
            "max": 0,
            "p(90)": 0,
            "p(95)": 0,
            "avg": 0,
            "min": 0,
            "med": 0
        },
        "http_req_receiving": {
            "avg": 0.6394309747634065,
            "min": 0.02525,
            "med": 0.525708,
            "max": 12.5455,
            "p(90)": 0.9676332000000001,
            "p(95)": 1.4659081999999997
        },
        "http_req_duration{expected_response:true}": {
            "p(90)": 2527.363343,
            "p(95)": 2530.9468346,
            "avg": 2353.5073004258675,
            "min": 246.061417,
            "med": 2366.934501,
            "max": 2680.90746
        },
        "data_sent": {
            "rate": 859.7089897440206,
            "count": 27896
        },
        "data_received": {
            "count": 60481,
            "rate": 1863.9252727526566
        },
        "http_req_connecting": {
            "avg": 3.195796126182965,
            "min": 0,
            "med": 0,
            "max": 45.232458,
            "p(90)": 0,
            "p(95)": 37.90174159999993
        },
        "checks": {
            "passes": 317,
            "fails": 0,
            "value": 1
        },
        "http_req_duration": {
            "min": 246.061417,
            "med": 2366.934501,
            "max": 2680.90746,
            "p(90)": 2527.363343,
            "p(95)": 2530.9468346,
            "avg": 2353.5073004258675,
            "thresholds": {
                "p(95)<1500": true
            }
        },
        "vus_max": {
            "value": 25,
            "min": 25,
            "max": 25
        },
        "http_req_waiting": {
            "avg": 2352.8243790788633,
            "min": 245.53975,
            "med": 2366.473903,
            "max": 2680.132001,
            "p(90)": 2527.0249255999997,
            "p(95)": 2530.5534926
        },
        "vus": {
            "value": 5,
            "min": 5,
            "max": 25
        },
        "iterations": {
            "count": 317,
            "rate": 9.769420338000234
        },
        "http_req_sending": {
            "p(90)": 0.06542480000000002,
            "p(95)": 0.08722499999999997,
            "avg": 0.043490372239747666,
            "min": 0.004334,
            "med": 0.038292,
            "max": 0.759542
        },
        "http_req_failed": {
            "passes": 0,
            "fails": 317,
            "thresholds": {
                "rate<0.01": false
            },
            "value": 0
        },
        "http_req_blocked": {
            "avg": 3.2205859779179815,
            "min": 0.001791,
            "med": 0.014958,
            "max": 45.253708,
            "p(90)": 0.04978280000000001,
            "p(95)": 37.985891599999924
        },
        "iteration_duration": {
            "p(95)": 2634.1849088,
            "avg": 2459.3233732334397,
            "min": 379.443125,
            "med": 2468.190293,
            "max": 2820.414251,
            "p(90)": 2630.177968
        }
    },
    "root_group": {
        "name": "",
        "path": "",
        "id": "d41d8cd98f00b204e9800998ecf8427e",
        "groups": {},
        "checks": {
                "status 200": {
                    "id": "fad9fa412b86fcb03bee97c80dcd61f1",
                    "passes": 317,
                    "fails": 0,
                    "name": "status 200",
                    "path": "::status 200"
                }
            }
    }
}