{
    "metrics": {
        "http_req_blocked": {
            "p(90)": 0.08932460000000016,
            "p(95)": 22.176745499999996,
            "avg": 2.013726642276422,
            "min": 0.004,
            "med": 0.01525,
            "max": 27.73525
        },
        "vus_max": {
            "value": 10,
            "min": 10,
            "max": 10
        },
        "http_req_waiting": {
            "p(90)": 161.57323340000002,
            "p(95)": 183.67359169999997,
            "avg": 94.09547859349593,
            "min": 52.202333,
            "med": 85.702334,
            "max": 203.809708
        },
        "http_req_receiving": {
            "avg": 14883.395922284553,
            "min": 7692.673462,
            "med": 14261.73645,
            "max": 30198.177167,
            "p(90)": 19917.4886894,
            "p(95)": 23252.80416359999
        },
        "data_received": {
            "count": 644888877,
            "rate": 3430871.2554211426
        },
        "iterations": {
            "count": 123,
            "rate": 0.6543719072655063
        },
        "http_req_duration": {
            "min": 7770.284129,
            "med": 14349.894659,
            "max": 30276.60475,
            "p(90)": 20014.6833894,
            "p(95)": 23338.973046299994,
            "avg": 14977.554497390238,
            "thresholds": {
                "p(95)<5000": true
            }
        },
        "http_req_failed": {
            "passes": 0,
            "fails": 123,
            "thresholds": {
                "rate<0.01": false
            },
            "value": 0
        },
        "http_req_duration{expected_response:true}": {
            "avg": 14977.554497390238,
            "min": 7770.284129,
            "med": 14349.894659,
            "max": 30276.60475,
            "p(90)": 20014.6833894,
            "p(95)": 23338.973046299994
        },
        "checks": {
            "fails": 0,
            "passes": 123,
            "value": 1
        },
        "http_req_tls_handshaking": {
            "avg": 0,
            "min": 0,
            "med": 0,
            "max": 0,
            "p(90)": 0,
            "p(95)": 0
        },
        "http_req_sending": {
            "p(95)": 0.1379786,
            "avg": 0.06309651219512198,
            "min": 0.010875,
            "med": 0.043333,
            "max": 0.878541,
            "p(90)": 0.1250756
        },
        "data_sent": {
            "count": 16236,
            "rate": 86.37709175904683
        },
        "http_reqs": {
            "rate": 0.6543719072655063,
            "count": 123
        },
        "http_req_connecting": {
            "avg": 1.9735833414634145,
            "min": 0,
            "med": 0,
            "max": 27.6405,
            "p(90)": 0,
            "p(95)": 22.133704199999993
        },
        "vus": {
            "value": 4,
            "min": 4,
            "max": 10
        },
        "iteration_duration": {
            "p(90)": 20121.9163678,
            "p(95)": 23440.810626899995,
            "avg": 15081.183995398374,
            "min": 7870.821254,
            "med": 14454.813215,
            "max": 30378.792638
        }
    },
    "root_group": {
        "name": "",
        "path": "",
        "id": "d41d8cd98f00b204e9800998ecf8427e",
        "groups": {},
        "checks": {
                "status is 200": {
                    "id": "6210a8cd14cd70477eba5c5e4cb3fb5f",
                    "passes": 123,
                    "fails": 0,
                    "name": "status is 200",
                    "path": "::status is 200"
                }
            }
    }
}