{
    "root_group": {
        "groups": {},
        "checks": {
                "status is 200": {
                    "fails": 3,
                    "name": "status is 200",
                    "path": "::status is 200",
                    "id": "6210a8cd14cd70477eba5c5e4cb3fb5f",
                    "passes": 63
                }
            },
        "name": "",
        "path": "",
        "id": "d41d8cd98f00b204e9800998ecf8427e"
    },
    "metrics": {
        "http_req_waiting": {
            "avg": 12480.64422609091,
            "min": 2014.781876,
            "med": 10730.27681,
            "max": 36490.681113,
            "p(90)": 20918.972843000003,
            "p(95)": 25068.9952375
        },
        "http_req_receiving": {
            "med": 0.3153955,
            "max": 8.834375,
            "p(90)": 2.0688125000000004,
            "p(95)": 5.602384999999997,
            "avg": 1.0035050151515148,
            "min": 0
        },
        "data_received": {
            "rate": 49.04344051507227,
            "count": 9639
        },
        "vus": {
            "value": 1,
            "min": 1,
            "max": 10
        },
        "iterations": {
            "count": 66,
            "rate": 0.3358094277409243
        },
        "http_req_failed": {
            "passes": 3,
            "fails": 63,
            "thresholds": {
                "rate<0.01": true
            },
            "value": 0.045454545454545456
        },
        "http_req_duration{expected_response:true}": {
            "avg": 27459.686804539684,
            "min": 9670.890921,
            "med": 25130.992539,
            "max": 59078.671458,
            "p(90)": 45442.1704626,
            "p(95)": 51840.3074808
        },
        "checks": {
            "fails": 3,
            "passes": 63,
            "value": 0.9545454545454546
        },
        "iteration_duration": {
            "med": 25942.9380125,
            "max": 60130.652944,
            "p(90)": 51896.016753,
            "p(95)": 58877.10356875,
            "avg": 29065.662672545455,
            "min": 9778.124088
        },
        "data_sent": {
            "count": 692070192,
            "rate": 3521268.1080616913
        },
        "http_req_tls_handshaking": {
            "max": 0,
            "p(90)": 0,
            "p(95)": 0,
            "avg": 0,
            "min": 0,
            "med": 0
        },
        "http_req_sending": {
            "max": 40911.753505,
            "p(90)": 29228.6832705,
            "p(95)": 34460.58051175,
            "avg": 16456.79600401515,
            "min": 4753.462502,
            "med": 13814.749395499999
        },
        "http_req_duration": {
            "max": 60005.733791,
            "p(90)": 51761.833920000005,
            "p(95)": 58764.150030749995,
            "avg": 28938.44373512121,
            "min": 9670.890921,
            "med": 25773.9064215,
            "thresholds": {
                "p(95)<5000": true
            }
        },
        "vus_max": {
            "value": 10,
            "min": 10,
            "max": 10
        },
        "http_reqs": {
            "count": 66,
            "rate": 0.3358094277409243
        },
        "http_req_connecting": {
            "avg": 10.968822606060606,
            "min": 0,
            "med": 0,
            "max": 280.945,
            "p(90)": 24.539270500000004,
            "p(95)": 27.134343749999996
        },
        "http_req_blocked": {
            "avg": 11.403137045454542,
            "min": 0.00425,
            "med": 0.021999499999999998,
            "max": 281.257833,
            "p(90)": 26.330333500000002,
            "p(95)": 33.52555224999999
        }
    }
}