{
    "metrics": {
        "http_req_receiving": {
            "min": 5831.324752,
            "med": 15616.367799,
            "max": 33525.69996,
            "p(90)": 26536.158221,
            "p(95)": 28706.641562,
            "avg": 16544.645271288282
        },
        "iterations": {
            "count": 111,
            "rate": 0.585788761597542
        },
        "checks": {
            "fails": 0,
            "passes": 111,
            "value": 1
        },
        "iteration_duration": {
            "p(95)": 29127.695617999998,
            "avg": 16829.728387135132,
            "min": 6015.643586,
            "med": 15900.250424,
            "max": 34400.386141,
            "p(90)": 26805.131679
        },
        "http_req_duration{expected_response:true}": {
            "avg": 16721.166378684684,
            "min": 5914.203461,
            "med": 15786.04784,
            "max": 34222.701543,
            "p(90)": 26703.395179,
            "p(95)": 28986.94677
        },
        "vus_max": {
            "value": 10,
            "min": 10,
            "max": 10
        },
        "data_sent": {
            "rate": 77.32411653087556,
            "count": 14652
        },
        "http_req_tls_handshaking": {
            "max": 0,
            "p(90)": 0,
            "p(95)": 0,
            "avg": 0,
            "min": 0,
            "med": 0
        },
        "http_reqs": {
            "count": 111,
            "rate": 0.585788761597542
        },
        "http_req_sending": {
            "avg": 0.06151572972972973,
            "min": 0.004208,
            "med": 0.041833,
            "max": 1.198125,
            "p(90)": 0.066167,
            "p(95)": 0.13462499999999983
        },
        "data_received": {
            "count": 581972889,
            "rate": 3071289.8912671516
        },
        "http_req_blocked": {
            "avg": 6.8644380270270275,
            "min": 0.004292,
            "med": 0.01525,
            "max": 77.376833,
            "p(90)": 0.043333,
            "p(95)": 76.9296665
        },
        "http_req_duration": {
            "p(90)": 26703.395179,
            "p(95)": 28986.94677,
            "avg": 16721.166378684684,
            "min": 5914.203461,
            "med": 15786.04784,
            "max": 34222.701543,
            "thresholds": {
                "p(95)<5000": true
            }
        },
        "http_req_waiting": {
            "max": 739.728501,
            "p(90)": 569.581292,
            "p(95)": 680.6717295,
            "avg": 176.45959166666668,
            "min": 28.106251,
            "med": 105.839792
        },
        "http_req_connecting": {
            "avg": 6.819854756756756,
            "min": 0,
            "med": 0,
            "max": 77.304875,
            "p(90)": 0,
            "p(95)": 76.9113125
        },
        "http_req_failed": {
            "passes": 0,
            "fails": 111,
            "thresholds": {
                "rate<0.01": false
            },
            "value": 0
        },
        "vus": {
            "value": 3,
            "min": 3,
            "max": 10
        }
    },
    "root_group": {
        "name": "",
        "path": "",
        "id": "d41d8cd98f00b204e9800998ecf8427e",
        "groups": {},
        "checks": {
                "status is 200": {
                    "name": "status is 200",
                    "path": "::status is 200",
                    "id": "6210a8cd14cd70477eba5c5e4cb3fb5f",
                    "passes": 111,
                    "fails": 0
                }
            }
    }
}