{
    "root_group": {
        "path": "",
        "id": "d41d8cd98f00b204e9800998ecf8427e",
        "groups": {},
        "checks": {
                "status is 200": {
                    "name": "status is 200",
                    "path": "::status is 200",
                    "id": "6210a8cd14cd70477eba5c5e4cb3fb5f",
                    "passes": 66,
                    "fails": 0
                }
            },
        "name": ""
    },
    "metrics": {
        "checks": {
            "passes": 66,
            "fails": 0,
            "value": 1
        },
        "vus_max": {
            "value": 10,
            "min": 10,
            "max": 10
        },
        "http_req_blocked": {
            "avg": 4.597225303030301,
            "min": 0.004292,
            "med": 0.016958,
            "max": 39.827417,
            "p(90)": 26.324583,
            "p(95)": 31.523271249999997
        },
        "http_req_failed": {
            "passes": 0,
            "fails": 66,
            "thresholds": {
                "rate<0.01": false
            },
            "value": 0
        },
        "http_req_sending": {
            "avg": 17131.15260557576,
            "min": 11002.515116,
            "med": 17125.303168,
            "max": 23800.624455,
            "p(90)": 20704.1386485,
            "p(95)": 21852.57801775
        },
        "data_sent": {
            "count": 692070192,
            "rate": 3544924.307138086
        },
        "http_req_tls_handshaking": {
            "avg": 0,
            "min": 0,
            "med": 0,
            "max": 0,
            "p(90)": 0,
            "p(95)": 0
        },
        "http_req_receiving": {
            "med": 0.2614375,
            "max": 6.182084,
            "p(90)": 3.762687500000001,
            "p(95)": 5.56594825,
            "avg": 1.0890738636363635,
            "min": 0.047209
        },
        "http_req_waiting": {
            "avg": 11641.868228318184,
            "min": 4572.234752,
            "med": 11334.666568,
            "max": 21184.900551,
            "p(90)": 15175.040875,
            "p(95)": 16148.648195499998
        },
        "iterations": {
            "count": 66,
            "rate": 0.3380654259866081
        },
        "vus": {
            "max": 10,
            "value": 3,
            "min": 3
        },
        "http_reqs": {
            "count": 66,
            "rate": 0.3380654259866081
        },
        "http_req_duration": {
            "avg": 28774.109907757567,
            "min": 18724.830703,
            "med": 29503.7665835,
            "max": 37500.175337,
            "p(90)": 33508.709877,
            "p(95)": 34029.649429,
            "thresholds": {
                "p(95)<5000": true
            }
        },
        "http_req_duration{expected_response:true}": {
            "avg": 28774.109907757567,
            "min": 18724.830703,
            "med": 29503.7665835,
            "max": 37500.175337,
            "p(90)": 33508.709877,
            "p(95)": 34029.649429
        },
        "data_received": {
            "count": 10098,
            "rate": 51.72401017595104
        },
        "http_req_connecting": {
            "p(95)": 31.431572499999998,
            "avg": 4.343558090909091,
            "min": 0,
            "med": 0,
            "max": 31.765667,
            "p(90)": 26.279042000000004
        },
        "iteration_duration": {
            "avg": 28886.652992318177,
            "min": 18833.201592,
            "med": 29639.031221999998,
            "max": 37634.459476,
            "p(90)": 33614.4552025,
            "p(95)": 34136.48496375
        }
    }
}