{
    "metrics": {
        "http_req_tls_handshaking": {
            "p(90)": 0,
            "p(95)": 0,
            "avg": 0,
            "min": 0,
            "med": 0,
            "max": 0
        },
        "http_req_sending": {
            "avg": 0.04102891562499999,
            "min": 0.004875,
            "med": 0.036312,
            "max": 0.808709,
            "p(90)": 0.05523330000000002,
            "p(95)": 0.07380034999999996
        },
        "http_req_duration": {
            "min": 222.31125,
            "med": 2368.5611049999998,
            "max": 2623.731668,
            "p(90)": 2513.976493,
            "p(95)": 2519.05362215,
            "avg": 2336.9164845093774,
            "thresholds": {
                "p(95)<1500": true
            }
        },
        "vus": {
            "value": 6,
            "min": 6,
            "max": 25
        },
        "http_req_blocked": {
            "avg": 2.5614965937499985,
            "min": 0.002416,
            "med": 0.013,
            "max": 37.356917,
            "p(90)": 0.04649620000000001,
            "p(95)": 32.233677099999994
        },
        "http_req_connecting": {
            "min": 0,
            "med": 0,
            "max": 36.479625,
            "p(90)": 0,
            "p(95)": 32.076024700000005,
            "avg": 2.503177606250001
        },
        "http_req_waiting": {
            "max": 2622.94946,
            "p(90)": 2513.286851,
            "p(95)": 2518.6008534,
            "avg": 2336.192113659377,
            "min": 219.617375,
            "med": 2368.2710429999997
        },
        "checks": {
            "passes": 320,
            "fails": 0,
            "value": 1
        },
        "iteration_duration": {
            "avg": 2442.507580565625,
            "min": 347.5755,
            "med": 2472.6979805,
            "max": 2760.351501,
            "p(90)": 2618.0142761,
            "p(95)": 2622.52347395
        },
        "data_received": {
            "count": 61001,
            "rate": 1880.0929191153596
        },
        "vus_max": {
            "value": 25,
            "min": 25,
            "max": 25
        },
        "data_sent": {
            "count": 27840,
            "rate": 858.0480134452158
        },
        "http_req_receiving": {
            "p(95)": 2.5868669999999985,
            "avg": 0.6833419343750001,
            "min": 0.019042,
            "med": 0.35843749999999996,
            "max": 9.300208,
            "p(90)": 1.2988173000000003
        },
        "iterations": {
            "count": 320,
            "rate": 9.862620844197883
        },
        "http_req_failed": {
            "passes": 0,
            "fails": 320,
            "thresholds": {
                "rate<0.01": false
            },
            "value": 0
        },
        "http_reqs": {
            "count": 320,
            "rate": 9.862620844197883
        },
        "http_req_duration{expected_response:true}": {
            "avg": 2336.9164845093774,
            "min": 222.31125,
            "med": 2368.5611049999998,
            "max": 2623.731668,
            "p(90)": 2513.976493,
            "p(95)": 2519.05362215
        }
    },
    "root_group": {
        "checks": {
            "status 200": {
                "name": "status 200",
                "path": "::status 200",
                "id": "fad9fa412b86fcb03bee97c80dcd61f1",
                "passes": 320,
                "fails": 0
            }
        },
        "name": "",
        "path": "",
        "id": "d41d8cd98f00b204e9800998ecf8427e",
        "groups": {}
    }
}